51.9630026;7.6461850
51.9690189;7.6557007
51.9667441;7.5791139
51.9563567;7.5927823
51.9823686;7.6340878
51.9642750;7.6480687
51.9648016;7.6498830
51.9836046;7.6328042
51.9316212;7.6272933
51.9615961;7.6323598
51.9612243;7.6763564
51.9980282;7.5606252
51.9512884;7.6684925
51.9493768;7.6692903
51.9607979;7.6759541
51.9652511;7.6192262
51.9639540;7.6215796
51.9979412;7.5585086
51.9663627;7.6181281
51.9642633;7.6280612
51.9043826;7.6446302
51.9723591;7.6120814
51.9680930;7.6231069
51.9691453;7.6122560
51.9831424;7.6465455
51.9716240;7.6404747
51.9829324;7.6343153
51.9652115;7.6225919
51.9706260;7.6313263
51.9681906;7.6306191
51.9716954;7.6319327
51.9701603;7.6314641
51.9660934;7.6184446
51.9668116;7.6299342
51.9666697;7.6300976
51.9396901;7.6090656
51.9803564;7.6449029
51.9602553;7.6331151
51.9659250;7.6032744
51.9601435;7.6343676
51.9357497;7.5988340
51.9747843;7.6191840
51.9664877;7.6214739
51.9619772;7.6198025
51.9626596;7.6226397
51.9617410;7.6206041
51.9618091;7.6232569
51.9650051;7.6232315
51.9672295;7.5984310
51.9946795;7.6028733
51.9943958;7.6480544
51.9582671;7.6296664
51.9416349;7.5699574
51.9713115;7.6413334
51.9476759;7.6241568
51.9709720;7.6248742
51.9315173;7.5803054
51.9333493;7.5826381
51.9592671;7.6226268
51.9240603;7.5769513
51.9245888;7.5766562
51.9644603;7.6487432
51.9112218;7.7168561
51.9689050;7.6777400
51.9040850;7.6736995
51.9333689;7.6196522
51.9328504;7.5231165
51.9611163;7.6271304
51.9731310;7.5645194
51.9494323;7.6169925
51.9667309;7.5637289
51.9329723;7.6314486
51.9302602;7.6660484
51.9328473;7.6323646
51.9732268;7.5647582
51.9633968;7.6213119
51.9611775;7.6272246
51.9612369;7.6293802
51.9616641;7.6187579
51.9599247;7.6276862
51.9635280;7.6202090
51.9027990;7.6239472
51.9027588;7.6243190
51.9028274;7.6242728
51.9029680;7.6245050
51.9030926;7.6247635
51.9031539;7.6249730
51.9032601;7.6251939
51.9404205;7.6350594
51.9248245;7.5192620
51.9245357;7.5199878
51.9657200;7.6262088
51.9241489;7.6294346
51.9531009;7.6426113
51.9682660;7.5968150
51.9680535;7.5968279
51.9669865;7.5979709
51.9684329;7.5968320
51.9286771;7.6323805
51.9273210;7.6362170
51.9779756;7.7061944
51.9679736;7.5977034
51.9679817;7.5983882
51.9404332;7.6100202
51.9406048;7.6102017
51.9605249;7.6263519
51.9604312;7.6295958
51.9568617;7.6267561
51.9569964;7.6267604
51.9572302;7.6269379
51.9572697;7.6269965
51.9592353;7.6272557
51.9597588;7.6268524
51.9589583;7.6275075
51.9594857;7.6275738
51.9605357;7.6245937
51.9600022;7.6269753
51.9603671;7.6275248
51.9599115;7.6289450
51.9620570;7.6282887
51.9622267;7.6298593
51.9624295;7.6288644
51.9612437;7.6320788
51.9699974;7.6211992
51.9686119;7.6222190
51.9700250;7.6219842
51.9716303;7.6147410
51.9400345;7.6120133
51.9602742;7.6269601
51.9665516;7.5988636
51.9045190;7.6462825
51.9199042;7.6322646
51.9046838;7.6473125
51.9043169;7.6469642
51.9519889;7.6198942
51.9391262;7.6097764
51.9739181;7.6106103
51.9433152;7.6300944
51.9434143;7.6298756
51.9458736;7.6310461
51.9539827;7.6322772
51.9700184;7.6218284
51.9700161;7.6223816
51.9398050;7.6143221
51.9452012;7.6225937
51.9503700;7.6343685
51.9072997;7.6333433
51.9063924;7.6399565
51.9313662;7.6017840
51.9307645;7.6012733
51.9043525;7.6449226
51.9302519;7.6006071
51.9303279;7.6002648
51.9309549;7.6019218
51.9287190;7.6006580
51.9612697;7.6273689
51.9540246;7.6320200
51.9545941;7.6418318
51.9040808;7.6451394
51.9040668;7.6450264
51.9768174;7.7089384
51.9530568;7.6140497
51.9548198;7.6419032
51.9472320;7.6083190
51.9458896;7.6304769
51.9591483;7.6293700
51.9587665;7.6284038
51.9591611;7.6272378
51.9593224;7.6275934
51.9597712;7.6275854
51.9596541;7.6275617
51.9595847;7.6275482
51.9595426;7.6273296
51.9606168;7.6278921
51.9606812;7.6278623
51.9601719;7.6277608
51.9600498;7.6277040
51.9606256;7.6276182
51.9605530;7.6276078
51.9603486;7.6278348
51.9605416;7.6278901
51.9610483;7.6283279
51.9609509;7.6276012
51.9608507;7.6276151
51.9611164;7.6278673
51.9610800;7.6279602
51.9610701;7.6281820
51.9610577;7.6282293
51.9598478;7.6295308
51.9587094;7.6293297
51.9588940;7.6291263
51.9584212;7.6295843
51.9590135;7.6283716
51.9581764;7.6296273
51.9593479;7.6284795
51.9597569;7.6284595
51.9738055;7.6103299
51.9639580;7.6265098
51.9294020;7.7205920
51.9592818;7.6346458
51.9726197;7.5647946
51.9730543;7.5647587
51.9777854;7.6003499
51.9576392;7.6342059
51.9577112;7.6342168
51.9432194;7.6108318
52.0334480;7.6735588
51.9252585;7.5232657
51.9590692;7.6275292
51.9312478;7.5798762
51.9574767;7.6401109
51.9218099;7.6744668
51.8827608;7.6055961
51.8826758;7.6062988
51.9576817;7.6282572
51.9296093;7.5803855
51.9748670;7.5749448
51.9758997;7.5759264
51.9524098;7.6120741
51.9827255;7.6120256
51.9824950;7.6120401
51.9828816;7.6114717
51.9765968;7.6103051
51.9803459;7.5959360
51.9968117;7.5652395
51.9343304;7.6569798
51.9606572;7.6235981
51.9700221;7.6216931
51.9705777;7.6621923
51.9654142;7.5998692
51.9710846;7.5966340
51.9635002;7.6199983
51.9560100;7.6769318
51.9700704;7.6205827
51.9377285;7.6424765
51.9302386;7.6766404
51.9767673;7.6104496
51.9749166;7.5697641
51.9664280;7.6180593
51.9643275;7.6241753
51.9663186;7.6183620
51.9663988;7.6182934
51.9653401;7.6192174
51.9656722;7.6191035
51.9660168;7.6187178
51.9656789;7.6189148
51.9664763;7.6179974
51.9657240;7.6190528
51.9046386;7.6498898
51.9047113;7.6504753
51.9045207;7.6484979
51.9580451;7.6295676
51.9714903;7.6119121
51.9234541;7.7009586
51.9960825;7.6120157
51.9661313;7.5988482
51.9947525;7.6616707
51.9902527;7.6633878
51.9899515;7.6632248
51.9904837;7.6622676
51.9049837;7.6444495
51.9040305;7.6446692
51.9043586;7.6450203
51.9040496;7.6448524
51.9039935;7.6442134
51.9039245;7.6438977
51.9040378;7.6447179
51.9678631;7.5782002
51.9677975;7.5774019
51.9674810;7.5785588
51.9676187;7.5777634
51.9674460;7.5788368
51.9680094;7.5785429
51.9601222;7.6274087
51.9659338;7.6027139
51.9662310;7.6032947
51.9556246;7.6277794
51.9402993;7.6197769
51.9599112;7.6263202
51.9722091;7.6353208
51.9604364;7.6267494
51.9717022;7.6118704
51.9333740;7.6312365
51.9677827;7.5785646
51.9487057;7.6244570
51.9250471;7.5267261
51.9247183;7.5223884
51.9252776;7.5244883
51.9247935;7.5239779
51.9637270;7.6278884
51.9606343;7.6045904
51.9648891;7.6262486
51.9412954;7.6447712
51.9590110;7.6335233
51.9623882;7.6290912
51.9601291;7.6289564
51.9351380;7.6525000
51.9909451;7.6619296
51.9700428;7.6227369
51.9713719;7.6148187
51.9955769;7.6029124
51.9963274;7.6019463
51.9953423;7.6042551
51.9960889;7.6030290
51.9961387;7.6024946
51.9564102;7.6425721
51.9561004;7.6434112
51.9558381;7.6441109
51.9239633;7.5737430
51.9751571;7.5984986
51.9544249;7.6445313
51.9041685;7.6430369
51.9525726;7.6129534
51.9614710;7.6324259
51.9616593;7.6313351
51.9655197;7.6215747
51.9542912;7.5354553
51.9559049;7.6420856
51.9055422;7.6357931
51.9537601;7.5347425
51.9542419;7.6258301
51.9650646;7.6326959
51.9565978;7.6421044
51.9452421;7.6478374
51.9477897;7.5896790
51.9479584;7.5897137
51.9571416;7.6408491
51.9576008;7.6150258
51.9475301;7.6245879
51.9545599;7.6290820
51.9522276;7.6309117
51.9547172;7.6277949
51.9552665;7.6278129
51.9452066;7.6220668
51.9452322;7.6222810
51.9518617;7.5529290
51.9293965;7.5805938
51.9309809;7.5791309
51.9293436;7.5810068
51.9651562;7.6430540
51.9553312;7.6422070
51.9640782;7.6417439
51.9535337;7.6260732
51.9529206;7.6253755
51.9532042;7.6254840
51.8836806;7.6055614
51.9665243;7.6429067
51.9570170;7.6418029
51.9634804;7.6284734
51.9767627;7.6103809
51.9549373;7.6265137
51.9524815;7.6257117
51.9359429;7.5614563
51.9451001;7.6219889
51.9514576;7.6249535
51.9543679;7.6258713
51.9471340;7.6234630
52.0054484;7.6101150
51.9533741;7.6226003
51.9351514;7.6522306
51.9350437;7.6520628
51.9516788;7.6287733
51.9535650;7.6255823
51.9547464;7.6293416
51.9531566;7.6385237
51.9525439;7.6122932
51.9494491;7.6242483
51.9516759;7.6254561
51.9289978;7.6516874
51.9487950;7.6244888
51.9503671;7.6250323
51.9512837;7.6253210
51.9559368;7.6253972
51.9615113;7.6402897
51.9558469;7.6253834
51.9530639;7.6370532
51.9533054;7.6407064
51.9605100;7.6224413
51.9721450;7.6118293
51.9607035;7.6048895
51.9646675;7.6304837
51.9634425;7.6283388
51.9544682;7.6263434
51.9336426;7.6319359
51.9587809;7.6345045
51.9589330;7.6376272
51.9642136;7.6476591
51.9642173;7.6478251
51.9546369;7.5333570
51.9571414;7.6414690
51.9572697;7.6411262
51.9637563;7.7019972
51.9370750;7.6350305
51.9293700;7.5811302
51.9540368;7.6326622
51.9527668;7.6189063
51.9598057;7.6293067
51.9713446;7.6092589
51.9569434;7.6264162
51.9738815;7.6299926
51.9626358;7.6454464
51.9544128;7.6304345
51.9588837;7.6445600
51.9470003;7.6256650
51.9439154;7.6386357
51.9339536;7.6233711
51.9310301;7.6276602
51.9313383;7.6273383
51.9607710;7.6233404
51.9462151;7.5329613
51.9834734;7.6129637
51.9838333;7.6126177
51.9669153;7.6435232
51.9667891;7.6429202
51.9573930;7.6408471
51.9767055;7.6102059
51.9577267;7.6396509
51.9574414;7.6407478
51.9112348;7.7169900
51.9714368;7.6412989
51.9706133;7.6410024
51.9780589;7.6428718
51.9694002;7.6339153
51.9712434;7.6413153
51.9758563;7.6572498
51.9760636;7.6573457
51.9953199;7.6664669
51.9954724;7.6663357
51.9971393;7.6648076
51.9679464;7.6585193
51.9683989;7.6568478
51.9680138;7.6534802
51.9636705;7.6314533
51.9635719;7.6315022
51.9668968;7.6425871
51.9670446;7.6430502
51.9741426;7.6366891
51.9723389;7.6118076
51.9723090;7.6290545
51.9713873;7.6247695
51.9723407;7.6118846
51.9589356;7.6470678
51.9690102;7.6499337
51.9220649;7.7268530
51.9591157;7.6352211
51.9774611;7.6110928
51.9652358;7.6223888
51.9810614;7.6448436
51.9441084;7.6448677
51.9566516;7.5934970
51.9247617;7.6745300
51.9619521;7.6422767
51.9724201;7.6110526
51.9670157;7.5811355
51.9727291;7.6111126
51.9241620;7.6264420
51.9131614;7.7230035
51.9157944;7.7237777
51.9124828;7.7157703
51.9126830;7.7154028
51.9219680;7.7290807
51.9134916;7.7247921
51.9127369;7.7234024
51.9562210;7.6430754
51.9573485;7.6404221
51.9546850;7.5347171
51.9769623;7.6112975
51.9179291;7.7308892
51.9624152;7.6285265
51.9152425;7.6895222
51.9148378;7.6893173
51.9285585;7.6492617
51.9283744;7.6681926
51.9534552;7.5327392
51.9527167;7.5331961
51.9619769;7.6495267
51.9709003;7.6313370
51.9709100;7.6314443
51.9132533;7.6335941
51.9465527;7.6316837
51.9653305;7.5999291
51.9283935;7.6805372
51.9873497;7.6097971
51.9606461;7.6426408
51.9571835;7.6264175
51.9644365;7.6188287
51.9642807;7.6188335
51.9711927;7.6256359
51.9587950;7.6258025
51.9622315;7.6360568
51.9450695;7.6200304
51.9500359;7.6173467
51.9176448;7.7281594
51.9587183;7.6380669
51.9125794;7.6335345
51.9292861;7.6282207
51.9706739;7.6193560
51.9574018;7.6403222
51.9585926;7.6383141
51.9574463;7.6402258
51.9626040;7.6292270
51.9620949;7.6278054
51.9628403;7.6295516
51.9618949;7.6276365
51.9614061;7.6320327
51.9613082;7.6319323
51.9612492;7.6323824
51.9684079;7.6150165
51.9739372;7.6108809
51.9738959;7.6112715
51.8995663;7.6400518
51.9695711;7.6194980
51.9555164;7.6240266
51.9720645;7.6194961
51.9478972;7.6218219
51.9518440;7.6372070
51.9252243;7.5244602
51.9466377;7.6915386
51.9466631;7.6915798
51.9626117;7.6224918
51.9648617;7.6232367
51.9604237;7.6081585
51.9634585;7.6131235
51.9639241;7.6132139
51.9599425;7.6197043
51.9574148;7.6056630
51.9627344;7.6226152
51.9506397;7.6080194
51.9612592;7.6235026
51.9647330;7.6143490
51.9694005;7.5957584
51.9650677;7.6232744
51.9674303;7.5927311
51.9591307;7.6049662
51.9667372;7.5912843
51.9694963;7.5958017
51.9695914;7.5958340
51.9618997;7.6227547
51.9610000;7.6209237
51.9614151;7.6194707
51.9649491;7.6232290
51.9638218;7.6132194
51.9643441;7.6132945
51.9611543;7.6229130
51.9606602;7.6081541
51.9646248;7.6143575
51.9541883;7.6277066
51.9660631;7.6032928
51.9521135;7.6426849
51.9622820;7.6229100
51.9622522;7.6231997
51.9622397;7.6185793
51.9626228;7.6232963
51.9624864;7.6239429
51.9612143;7.6180525
51.9617492;7.6199950
51.9637010;7.6129966
51.9578993;7.5704352
51.9507277;7.6083002
51.9582453;7.6194152
51.9601360;7.6202842
51.9625597;7.6236664
51.9622143;7.6235444
51.9649109;7.6232252
51.9613531;7.6219048
51.9776257;7.6104587
51.9611730;7.6223166
51.9647675;7.6233557
51.9613029;7.6235085
51.9389412;7.6479105
51.9630482;7.6239216
51.9587670;7.6200816
51.9584115;7.5661321
51.9584593;7.6213344
51.9683919;7.6565274
51.9681707;7.6568310
51.9695573;7.6241812
51.9516375;7.6657057
51.9511190;7.6696573
51.9774163;7.7055305
51.9700132;7.5631449
51.9088613;7.6886247
51.9654215;7.6271346
51.9275283;7.5870181
51.9643781;7.6265108
51.9438751;7.6308553
51.9638306;7.6304930
51.9640580;7.6296189
51.9490927;7.6215421
51.9421230;7.6241259
51.9548998;7.6491454
51.9459948;7.6236582
51.9178129;7.7277924
51.9467489;7.6316097
51.9638685;7.6304000
51.9657248;7.6177359
51.9168430;7.7282228
51.9293138;7.5809049
51.9292692;7.5804851
51.9560046;7.5328339
51.9311535;7.5790634
51.9316679;7.5802248
51.9579262;7.6207308
51.9906069;7.6668776
51.9574529;7.6319233
51.9570653;7.6326204
51.9572935;7.6332157
51.9649463;7.6235566
51.9565099;7.6432738
51.9306693;7.7293340
51.9607686;7.6050689
51.9581979;7.6343157
51.9514498;7.6655604
51.9516829;7.6657256
51.9572253;7.6472368
51.9670932;7.6146238
51.9669606;7.5983743
51.9331246;7.6313462
51.9552165;7.6279296
51.9570677;7.6278931
51.9757495;7.6020037
51.9882124;7.6104180
51.9570473;7.6268045
51.9571835;7.6268932
51.9952964;7.6034565
51.9760336;7.6015074
51.9506479;7.6250943
51.9930256;7.5686257
51.9572593;7.6264189
51.9692826;7.5959119
51.8987266;7.6275310
51.8985483;7.6276416
51.9693309;7.5959463
51.9610966;7.6088367
51.9515088;7.6249571
51.9273763;7.5865905
51.9963252;7.6017825
51.9604132;7.6268091
51.9381488;7.6466953
51.9381074;7.6468888
51.9942174;7.5476666
51.9212644;7.6757664
51.9360726;7.5611578
51.9415428;7.6235414
51.9304170;7.6746556
51.9620197;7.6292859
51.9260018;7.6707128
51.9282766;7.6682041
51.9301923;7.6752416
51.9304321;7.6661308
51.9299415;7.6664969
51.9387337;7.6405290
51.9717022;7.6195200
51.9261811;7.6704973
51.9262599;7.6704178
51.9268951;7.6696582
51.9274466;7.6690740
51.9275090;7.6690051
51.9277157;7.6688192
51.9280449;7.6684256
51.9239189;7.6720736
51.9643198;7.6300837
51.9575347;7.6372190
51.9670794;7.5810854
51.9668371;7.5787884
51.9670689;7.5795574
51.9512058;7.6691470
51.9581452;7.5695752
51.9583933;7.5692559
51.9584776;7.5691566
51.9585424;7.5696278
51.9586608;7.5702184
51.9696517;7.6307981
51.9700018;7.6301615
51.9702520;7.6290444
51.9731993;7.6031597
51.9970602;7.5559992
51.9652818;7.6185466
51.9607551;7.6230016
51.9606650;7.6236617
52.0363919;7.6205145
51.9056554;7.6635301
51.9384476;7.6286915
51.9215068;7.6746782
51.9667888;7.5636327
51.9059191;7.6643993
51.9057109;7.6655597
51.9059915;7.6653295
51.9039518;7.6441481
51.9926280;7.6627519
51.9915737;7.6661497
51.9911080;7.6660415
51.9098982;7.6590514
51.9097801;7.6590585
51.9441628;7.6302233
51.9439590;7.6306561
51.9435434;7.6310557
51.9436025;7.6294437
51.9689993;7.6183367
51.9683699;7.6132314
51.9683959;7.6132692
51.9681338;7.6230747
51.9616153;7.6323030
51.9665755;7.5639691
51.9041201;7.6522657
51.9678622;7.6232372
51.9364630;7.6592182
51.9483179;7.6421204
51.9483324;7.6422077
51.9519940;7.6199649
51.9262987;7.6334796
51.9249019;7.5786419
51.9704963;7.6148981
51.9737651;7.6115533
51.9716013;7.6252323
51.9388606;7.6477739
51.9388495;7.6481549
51.9388004;7.6480774
51.9384459;7.6470498
51.9384858;7.6471090
51.9429188;7.6232173
51.9652827;7.6185205
51.9667180;7.6180886
51.9594084;7.6385828
51.9695533;7.5955626
51.9987654;7.5601075
51.9603000;7.6329881
51.9291510;7.6699980
51.9718888;7.6118840
52.0002619;7.5494782
51.9607423;7.6260615
51.9546079;7.6263969
51.9207936;7.7282467
51.9507927;7.6313957
51.9507792;7.6077361
51.9581653;7.6059510
51.9585502;7.6061265
51.9899713;7.6689440
51.9442258;7.5316104
51.9322358;7.6156790
51.9899528;7.6683435
51.9615352;7.6399406
51.9614254;7.6400692
51.9060379;7.6661666
51.9057740;7.6667538
51.9538833;7.6300670
51.9948160;7.6027034
51.9426286;7.6362493
51.9568394;7.6273238
51.9026268;7.6250939
51.9018020;7.6250621
51.8960798;7.6648581
51.9391848;7.6277189
51.9640542;7.6386646
51.9917273;7.6662688
51.9303903;7.6745008
51.9768804;7.6113501
51.8933175;7.6340929
51.9667185;7.6178851
51.9463275;7.6304731
51.9556879;7.6529318
51.9678717;7.5788261
51.9242865;7.5788315
51.9246458;7.5757790
51.9245590;7.5763912
51.9590062;7.6312238
51.9607077;7.6251247
51.9503526;7.6261064
51.9492323;7.6241915
51.9600160;7.6342712
51.9605063;7.6328693
51.9581656;7.6392533
51.9579684;7.6397110
51.9551252;7.6470929
51.9526851;7.6324098
51.9543615;7.6444483
51.9797964;7.7056826
51.9565473;7.6332924
51.9613308;7.6067305
51.9583952;7.6387795
51.9594394;7.6342299
51.9585760;7.6383604
51.9556716;7.6445327
52.0031799;7.5430279
51.9557101;7.6382543
51.9063924;7.6400285
51.9243036;7.5764803
51.9964758;7.6012085
51.9965132;7.6014975
51.9476770;7.6308499
51.9423550;7.6249216
51.9439157;7.6236753
51.9474311;7.6244376
51.9664114;7.6212832
51.9874390;7.6083494
51.9874252;7.6087894
51.9550629;7.6269792
51.9571798;7.6321677
51.9648853;7.6502553
51.9641641;7.6279137
51.9642041;7.6241471
51.9660491;7.6246657
51.9656684;7.6240847
51.9657079;7.6239981
51.9720126;7.6112067
51.9703937;7.6290885
51.9479254;7.5897178
51.9227867;7.7000696
51.9651110;7.6208028
51.9653346;7.6210289
51.9650754;7.6193480
51.9663300;7.6181571
51.9489412;7.6318557
51.9440275;7.6305473
51.9603265;7.6194686
51.9580458;7.6275488
51.9610141;7.6326720
51.9680729;7.6136842
51.9533316;7.6411247
51.9546865;7.6186594
51.9274232;7.6775917
51.9273968;7.6774260
51.9273608;7.6772552
51.9274592;7.6777645
51.9639982;7.6261652
51.9639932;7.6262526
51.9742765;7.6168720
51.9701283;7.5893455
51.9554750;7.6247698
51.9612841;7.6278630
51.9584939;7.6213613
51.9282064;7.6287318
51.9066638;7.6397550
51.9743369;7.6365356
51.9720907;7.6119001
51.9529348;7.6214279
51.9575714;7.6443536
51.9619183;7.6300697
51.9584895;7.6038418
51.9576686;7.6280005
51.9566079;7.6267280
51.9568914;7.6264208
51.9568154;7.6264262
51.9573179;7.6264155
51.9582106;7.6383288
51.9702576;7.5897751
51.9244537;7.5773779
51.9530506;7.6254197
51.9720740;7.6114139
51.9468703;7.6234329
51.9636257;7.6210814
51.9298711;7.5993094
51.9623402;7.6298924
51.9608977;7.6327696
51.9624073;7.6290149
51.9731674;7.5646120
51.9710928;7.5991020
51.9652226;7.6199750
51.9607994;7.6264358
51.9622188;7.6283595
51.9635743;7.6294942
51.9613832;7.6296312
51.9589857;7.6293974
51.9568715;7.6332325
51.9629075;7.6321377
51.9556521;7.6198253
51.9566535;7.6327470
51.9580037;7.6350566
51.9165283;7.6839533
51.9604911;7.6977261
51.9430212;7.7075123
51.9042589;7.6511008
51.9047171;7.6510848
51.9581665;7.6214436
51.9588075;7.6222504
51.9045023;7.6460927
51.9548661;7.6497136
51.9908166;7.6079994
51.9890218;7.6989649
51.9654461;7.6291570
51.9615491;7.6312443
51.9616039;7.6314607
51.9617184;7.6312149
51.9618342;7.6309791
51.9596075;7.6292093
51.9273041;7.6767627
51.9817755;7.6375028
51.9644294;7.6305282
51.9648634;7.6513733
51.9632902;7.6515426
51.9084736;7.6487734
51.9029904;7.6467821
51.9570786;7.6333408
51.9568729;7.6334285
51.9567679;7.6334612
51.9568936;7.6333376
51.9570240;7.6327883
51.9572802;7.6317822
51.9615600;7.6297745
51.9616198;7.6298168
51.9616719;7.6298540
51.9622596;7.6302004
51.9604556;7.6334187
51.9604159;7.6335569
51.9601970;7.6332592
51.9601879;7.6327670
51.9606060;7.6328019
51.9606837;7.6327389
51.9607209;7.6327040
51.9607829;7.6326463
51.9609382;7.6327322
51.9609804;7.6326946
51.9611221;7.6319302
51.9610684;7.6318041
51.9610072;7.6316700
51.9609229;7.6315238
51.9614708;7.6318175
51.9615328;7.6316472
51.9614667;7.6314353
51.9612844;7.6319947
51.9615630;7.6315718
51.9624674;7.6293083
51.9621617;7.6300580
51.9622881;7.6300848
51.9617473;7.6311537
51.9616888;7.6312730
51.9615072;7.6313522
51.9625203;7.6291152
51.9638441;7.6277057
51.9640069;7.6260789
51.9640570;7.6251592
51.9640439;7.6252797
51.9641862;7.6251670
51.9645944;7.6234651
51.9679938;7.6568394
51.9721482;7.6565422
51.9721245;7.6568585
51.9699946;7.6560362
51.9037895;7.6423743
51.9040476;7.6421731
51.9048338;7.6414779
51.9527570;7.6367808
51.9530514;7.6368287
51.9039315;7.6437222
51.9039097;7.6435094
51.9747801;7.6190013
51.9034909;7.6413179
51.9038696;7.6430250
51.9076692;7.6524334
51.9677696;7.6585121
51.9062821;7.6405181
51.9059400;7.6402669
51.9640123;7.6259859
51.9042121;7.6536722
51.9043829;7.6419585
51.9223893;7.6568883
51.9635383;7.6183187
51.9510505;7.6699554
51.9374379;7.6514133
51.9373041;7.6516177
51.9372501;7.6517014
51.9373761;7.6514996
51.9342296;7.6315941
51.9028664;7.6387132
51.9027709;7.6393683
51.9616334;7.6313906
51.9641756;7.6253190
51.9626317;7.6281710
51.9607198;7.6255781
51.9634170;7.6279290
51.9680183;7.6518205
51.9469120;7.6242985
51.9569795;7.6464372
51.9635364;7.6181137
51.9557946;7.6451132
51.9513216;7.6683243
51.9640284;7.6254682
51.9604365;7.6325438
51.9624804;7.6307455
51.9607192;7.6235027
51.9605266;7.6244522
51.9603250;7.6240852
51.9623272;7.6293599
51.9445800;7.6299800
51.9697767;7.5931984
51.9493893;7.6246934
51.9544911;7.6301873
51.9720973;7.6114900
51.9544848;7.6174662
51.9579734;7.6450764
51.9446172;7.5321726
51.9572143;7.6319291
51.9727771;7.6283874
51.9560338;7.5927325
51.9561856;7.5925010
51.9668551;7.5939432
51.9546441;7.5338044
51.9560565;7.5331870
51.9570304;7.6335562
51.9532467;7.6259721
51.9529140;7.6195796
51.9469897;7.6085215
51.9514055;7.6370308
51.9608178;7.6437248
51.9331320;7.6538351
51.9264767;7.6285034
51.9612288;7.6272892
51.9937702;7.6482338
51.9661768;7.6531626
51.9937304;7.6478770
51.9578367;7.5703297
51.9218436;7.5604167
51.9572095;7.6412693
51.9635331;7.6190453
51.9519523;7.6364067
51.9055170;7.6618662
51.9062475;7.6643504
51.9068083;7.6639836
51.9059597;7.6353515
51.9583762;7.6349732
51.9560708;7.6764580
51.9834048;7.6341926
51.9590588;7.6293482
51.9631746;7.6280652
51.9632291;7.6279767
51.9633233;7.6279633
51.9633791;7.6279398
51.9586439;7.6294016
51.9585811;7.6294754
51.9574228;7.6320496
51.9812028;7.6231946
51.9572240;7.6262870
51.9520511;7.6432494
51.9631320;7.6105848
51.9553360;7.6173770
51.9567819;7.6264219
51.9567174;7.6267277
51.9555682;7.6277562
51.9554574;7.6277160
51.9623387;7.6280010
51.9622842;7.6279822
51.9621503;7.6278991
51.9620313;7.6278682
51.9619453;7.6277918
51.9625263;7.6281297
51.9627143;7.6281807
51.9627651;7.6281780
51.9628250;7.6281753
51.9629576;7.6281854
51.9630229;7.6281592
51.9639434;7.6265895
51.9639229;7.6266565
51.9638988;7.6267631
51.9639831;7.6264171
51.9513969;7.6375034
51.9722946;7.6380714
51.9617882;7.6305234
51.9564689;7.6323106
51.9522610;7.6405691
51.9573337;7.6270776
51.9574428;7.6273110
51.9575172;7.6274746
51.9576575;7.6278973
51.9576444;7.6278253
51.9576684;7.6287688
51.9577782;7.6291002
51.9222909;7.5662852
51.9601499;7.6256720
51.9599554;7.6257947
51.9592918;7.6261877
51.9592136;7.6261656
51.9576315;7.6263476
51.9575168;7.6263821
51.9573936;7.6264180
51.9569705;7.6263039
51.9607374;7.6257716
51.9607222;7.6254132
51.9605932;7.6256089
51.9605850;7.6255168
51.9605852;7.6254264
51.9605812;7.6253260
51.9605738;7.6252180
51.9605647;7.6251235
51.9605519;7.6249874
51.9605399;7.6247694
51.9605428;7.6247030
51.9617340;7.6240791
51.9328844;7.6554250
51.9606916;7.6235634
51.9581676;7.6382975
51.9581197;7.6382760
51.9586255;7.6375358
51.9643066;7.6264536
51.9635135;7.6282160
51.9633340;7.6287188
51.9633908;7.6288359
51.9634408;7.6289281
51.9634793;7.6289968
51.9635775;7.6291967
51.9636333;7.6292983
51.9637315;7.6294545
51.9632043;7.6290215
51.9636258;7.6295928
51.9636869;7.6296866
51.9637795;7.6297778
51.9638472;7.6298369
51.9639265;7.6299012
51.9639051;7.6296169
51.9665686;7.6187392
51.9638807;7.6282973
51.9636815;7.6279982
51.9637823;7.6278239
51.9613738;7.6317106
51.9585208;7.6337099
51.9591966;7.6338010
51.9608865;7.6349495
51.9608353;7.6349307
51.9614092;7.6274751
51.9614884;7.6275325
51.9615835;7.6275834
51.9616856;7.6276451
51.9630695;7.6281309
51.9631352;7.6280994
51.9635281;7.6278232
51.9634694;7.6278880
51.9635738;7.6277436
51.9636228;7.6276558
51.9636930;7.6274912
51.9637130;7.6274367
51.9637420;7.6273410
51.9637765;7.6272217
51.9638067;7.6271210
51.9640182;7.6258881
51.9640264;7.6257175
51.9642835;7.6244546
51.9606290;7.6265192
51.9578146;7.6381802
51.9557683;7.6370000
51.9557881;7.6368471
51.9643559;7.6240424
51.9641960;7.6242114
51.9641823;7.6243126
51.9642571;7.6245822
51.9642476;7.6246539
51.9641832;7.6252547
51.9641716;7.6254204
51.9641588;7.6255632
51.9641534;7.6256497
51.9641513;7.6257489
51.9638588;7.6262210
51.9641051;7.6265053
51.9640760;7.6266659
51.9640437;7.6267916
51.9640179;7.6268942
51.9638638;7.6268932
51.9638345;7.6270132
51.9630912;7.6279306
51.9600463;7.6256903
51.9044044;7.6448368
51.9578097;7.6280393
51.9578199;7.6281817
51.9578373;7.6284231
51.9578366;7.6286848
51.9610465;7.6274738
51.9614064;7.6277879
51.9614568;7.6278765
51.9615176;7.6278812
51.9619311;7.6282107
51.9549445;7.6289227
51.9550847;7.6284212
51.9610046;7.6272682
51.9609286;7.6271341
51.9610691;7.6270214
51.9610305;7.6269585
51.9609418;7.6267773
51.9609053;7.6267015
51.9608702;7.6266173
51.9608370;7.6265313
51.9607643;7.6263208
51.9581343;7.6275236
51.9584070;7.6272078
51.9583699;7.6272092
51.9585946;7.6271816
51.9587773;7.6271857
51.9589277;7.6272071
51.9587500;7.6274820
51.9591111;7.6272353
51.9588392;7.6274995
51.9590146;7.6275091
51.9591576;7.6275308
51.9594902;7.6273210
51.9593865;7.6270644
51.9594860;7.6269642
51.9594889;7.6271089
51.9601996;7.6274213
51.9602219;7.6272725
51.9610814;7.6281040
51.9230510;7.5625688
51.9385179;7.6388365
51.9617508;7.6140307
51.9565339;7.5932370
51.9646638;7.6310392
51.9024429;7.6385829
51.9641509;7.6244965
51.9048059;7.6522786
51.9591841;7.6221864
51.9594423;7.6225163
51.9590848;7.6220311
51.9589632;7.6218420
51.9590195;7.6219397
51.9372888;7.6572129
51.9491068;7.6240944
51.9642339;7.6287838
51.9290211;7.5926953
51.9293535;7.5921615
51.9296115;7.5921266
51.9043691;7.6450990
51.9709358;7.5986364
51.9596882;7.6408341
51.9671333;7.6552818
51.9558840;7.6334832
51.9557215;7.6332165
51.9590461;7.6272190
51.9578522;7.6399579
51.9568532;7.6414742
51.9886225;7.6103553
51.9041688;7.6461169
51.9044733;7.6482600
51.9494112;7.6340333
51.9288157;7.6677319
51.9646248;7.6224384
51.9563980;7.6331687
51.9317774;7.6274068
51.9570165;7.6443520
51.9172335;7.7280285
51.9184682;7.7284450
51.9219197;7.7268427
51.9225152;7.7266316
51.9173806;7.7280632
51.9541349;7.5315697
51.9533743;7.6417502
51.9735924;7.7268193
51.9575914;7.6276430
51.9687777;7.6127033
51.9677265;7.6439814
51.9645959;7.6307892
51.9645726;7.6307285
51.9642257;7.6307041
51.9774232;7.6115676
51.9766495;7.6117968
51.9768608;7.6102167
51.9508267;7.6359862
51.9044829;7.6517918
51.9646566;7.6305187
51.9650103;7.6306225
51.9511175;7.6252597
51.9607131;7.6249865
51.9617571;7.6203767
51.9048151;7.6520473
51.9043906;7.6518716
51.9044862;7.6518039
51.9044891;7.6517905
51.9842117;7.6337767
51.9597332;7.6232307
51.9285727;7.6010417
51.9292641;7.5995515
51.9434150;7.5984997
51.9482641;7.6315689
51.9435928;7.6285232
51.9885425;7.6736086
51.9580181;7.6194222
51.9550511;7.6162103
51.9507489;7.6427865
51.9543188;7.6147324
51.9543366;7.6147478
51.9543544;7.6147632
51.9528146;7.6134798
51.9476156;7.6303654
51.9627897;7.6323461
51.9685508;7.6129859
51.9686451;7.6128766
51.9626268;7.6298754
51.9662502;7.6033545
51.9666151;7.6033536
51.9619449;7.6409792
51.9729735;7.5649609
51.9650526;7.6269899
51.9614965;7.6441991
51.9618353;7.6442823
51.9618282;7.6444137
51.9622774;7.6439390
51.9517914;7.6517478
51.9613520;7.6317993
51.9613367;7.6318610
51.9626642;7.6281783
51.9622072;7.6279409
51.9584082;7.6328735
51.9553488;7.6276813
51.9963881;7.6134417
51.9597181;7.6033732
51.9603379;7.6265125
51.9613263;7.6277613
51.9760329;7.6101523
51.9761283;7.6103928
51.9761944;7.6119742
51.9761444;7.6118000
51.9526794;7.6417086
51.9605054;7.6243084
51.9757631;7.6029637
51.9750313;7.6042445
51.9940161;7.5690642
51.9617146;7.6282775
51.9641383;7.6309338
51.9423163;7.6429857
51.9624956;7.6451191
51.9626468;7.6448053
51.9036080;7.6404813
51.9035698;7.6405974
51.9637506;7.6466757
51.9538875;7.6261971
51.9617520;7.6180781
51.9555060;7.6377823
51.9623220;7.6448384
51.9647322;7.6181133
51.9583849;7.6212548
51.9720570;7.6127294
51.9061712;7.6386724
51.9654650;7.6276329
51.9630663;7.6280653
51.9640576;7.6297485
51.9104695;7.6337162
51.9244861;7.5777222
51.9248543;7.5781999
51.9619400;7.6423926
51.9574371;7.6287322
51.9598931;7.6039125
51.9634967;7.6237728
51.9584604;7.6272003
51.9563615;7.6427179
51.9580549;7.6299256
51.9709742;7.6096878
51.9604631;7.6415690
51.9604442;7.6414556
51.9508658;7.5522978
51.9546498;7.6297180
51.9605533;7.6332584
51.9604749;7.6336178
51.9524455;7.6432626
51.9709643;7.6253517
51.9710344;7.6252760
51.9710795;7.6247092
51.9605402;7.6259557
51.9623833;7.6278063
51.9605910;7.6234791
51.9777198;7.6111463
51.9647911;7.6317758
51.9582789;7.6296213
51.9578690;7.6298574
51.9522267;7.6403970
51.9585064;7.6295253
51.9725611;7.6110810
51.9532801;7.6402867
51.9045994;7.6362134
51.9572471;7.6319301
51.8931674;7.6268542
51.9587467;7.6350744
51.9031097;7.6401758
51.9113338;7.6235220
51.9057054;7.6359131
51.9056106;7.6357086
51.9682178;7.5984977
51.8864213;7.5787554
51.9662360;7.6241836
51.9636021;7.6281068
51.9639891;7.6277493
51.8936278;7.6321185
51.9023336;7.6375727
51.9594036;7.6280227
51.9503656;7.6245798
51.9882258;7.6085987
51.9593558;7.6273123
51.9657431;7.6532073
51.9585152;7.6262073
51.9561208;7.6405791
51.9518500;7.6255202
51.9722969;7.6101441
51.9433373;7.6237057
51.9469466;7.6234723
51.9478898;7.6237768
51.9480609;7.6242582
51.9483403;7.6243588
51.9484354;7.6243950
51.9492297;7.6246307
51.9553057;7.6374359
51.9536989;7.6367989
51.9298142;7.7187569
51.9587224;7.6219727
51.9589879;7.6345643
51.9590301;7.6345750
51.9591189;7.6345995
51.9591921;7.6346143
51.9588747;7.6351109
51.9588305;7.6350983
51.9587069;7.6350630
51.9584200;7.6349859
51.9583247;7.6349584
51.9511041;7.6361160
51.9565190;7.6431370
51.9386744;7.6406345
51.9615836;7.6315167
51.9546147;7.5326212
51.9547437;7.5325944
51.9538353;7.5339778
51.9586954;7.6271697
51.9638086;7.6295385
51.9444487;7.6440378
51.9605268;7.6267059
51.9599798;7.6271994
51.9600136;7.6267810
51.9605651;7.6265986
51.9604808;7.6266817
51.9603316;7.6270631
51.9875812;7.6985473
51.9022051;7.6251505
51.9048064;7.6486435
51.9807682;7.5553733
51.9783942;7.5566227
51.9040530;7.6465474
51.9779601;7.6428107
52.0407572;7.6196995
51.9976845;7.6353183
51.9735816;7.6076179
51.9680543;7.6545358
51.9958750;7.6034812
51.9957598;7.6017317
52.0010286;7.6135670
51.9929175;7.5992319
51.9887439;7.6104570
51.9880954;7.6096241
51.9884477;7.6097267
51.9877345;7.6092030
51.9877713;7.6090025
51.9974103;7.5705934
51.9877931;7.6084832
51.9874756;7.6082899
51.9874276;7.6085542
51.9874211;7.6102529
51.9874907;7.6107600
51.9904582;7.6653403
51.9974806;7.6666975
52.0406772;7.6568799
52.0399046;7.6588359
52.0289981;7.6777737
52.0084150;7.6749332
51.9944085;7.6627761
52.0110450;7.6780915
51.9970529;7.6619701
51.9870209;7.6973511
51.9781680;7.7056311
51.9777058;7.7091461
51.9732080;7.6942941
51.9799048;7.6347795
51.9756674;7.6661879
51.9822854;7.6742092
51.9565280;7.6750714
51.9936437;7.6488007
51.9467150;7.6267398
51.9523674;7.6365300
51.9660828;7.6033695
51.9664338;7.6034014
51.9665998;7.6030049
51.9664324;7.6035689
51.9595313;7.6280449
51.9572359;7.6319857
51.9571247;7.6323773
51.9570983;7.6324946
51.9570690;7.6324054
51.9572756;7.6326039
51.9572388;7.6327642
51.9572053;7.6329104
51.9639642;7.6310594
51.9604380;7.6268787
51.9584281;7.6387032
51.9581818;7.6387288
51.9586404;7.6434387
51.9575471;7.6443668
51.9567743;7.6424275
51.9562979;7.6429150
51.9575900;7.6399210
51.9773847;7.6108882
51.9622043;7.6293876
51.9897385;7.6647089
51.9703109;7.6311658
51.9708527;7.6314751
51.9541963;7.6262740
51.9472118;7.6079646
51.9049208;7.6526395
51.9041594;7.6531378
51.9231690;7.5610707
51.9907816;7.6636627
51.9983566;7.6343632
51.9535324;7.6193436
51.9091572;7.7115521
51.9619402;7.6869053
52.0017750;7.7007723
51.9112735;7.5929753
51.9725383;7.5649367
51.9528761;7.6320667
51.9944798;7.6010944
51.9951316;7.6021504
51.9544479;7.6373341
51.9530756;7.6372027
51.9545007;7.6445764
51.9534649;7.6430194
51.9059477;7.6649210
51.9776449;7.6111473
51.9610990;7.6282625
52.0021770;7.5456704
51.9643838;7.6239300
51.9774906;7.6422606
51.8736875;7.6114735
51.9582495;7.5705416
51.9581884;7.5703056
51.9579991;7.5703237
51.9581648;7.5702506
51.9031526;7.6403080
51.9027758;7.6384375
51.9034344;7.6377047
51.9644860;7.6264736
51.9642281;7.6490993
51.9557688;7.6340816
51.9174902;7.5343305
51.9642930;7.6493508
51.9619247;7.6375836
51.9684299;7.6132011
51.9684783;7.6131257
51.9663003;7.6181882
51.9466031;7.6233455
51.9501069;7.6244576
51.9644726;7.6305728
51.9704252;7.6231288
51.9396691;7.6127166
51.9633151;7.6290426
51.9739826;7.6136138
51.9649373;7.6284790
51.9655792;7.6262634
51.9567252;7.6264106
51.9201619;7.6500329
51.9046674;7.6501107
51.9570574;7.6334760
51.9635145;7.6315565
51.9634534;7.6315994
51.9627688;7.6323830
51.9628734;7.6322033
51.9628502;7.6322475
51.9680084;7.6138072
51.9623654;7.6440972
51.9559306;7.6291051
51.9560000;7.6292540
51.9619044;7.6380180
51.9619213;7.6377552
51.9619522;7.6374151
51.9619925;7.6370940
51.9620036;7.6369516
51.9531176;7.6374534
51.9530165;7.6407425
51.9533413;7.6408864
51.9530250;7.6362601
51.9533840;7.6330825
51.9405404;7.6105217
51.9544318;7.6258914
51.9613311;7.6274183
51.9792994;7.6525074
51.9674956;7.5783361
51.9933435;7.6476639
51.9625955;7.6453579
51.9596520;7.6363554
51.9475410;7.6907940
51.9476035;7.6907860
51.9537244;7.5344873
51.9537547;7.5340288
51.9534883;7.5338915
51.9540184;7.5348348
51.9540963;7.5338809
51.9544766;7.5321718
51.9537442;7.5343555
51.9540982;7.5337633
51.9549860;7.5325658
51.9547146;7.5321956
51.9543814;7.5351157
51.9543883;7.5349259
51.9545240;7.5343605
51.9526571;7.5334980
51.9781487;7.5574759
51.9457883;7.6302879
51.9641297;7.6335848
51.9605018;7.6246417
51.9478854;7.6355641
51.9701845;7.6311039
51.9554745;7.6467744
51.9998495;7.7176656
51.9560804;7.6327896
51.9771769;7.5963299
51.9938161;7.7091790
51.9773505;7.5966014
51.9453634;7.6297888
51.9771218;7.5984326
51.9467267;7.6234099
51.9886486;7.6993697
51.9625414;7.6452158
51.9625706;7.6308791
51.9532171;7.6230861
51.9773051;7.5965274
51.9430366;7.6247480
51.9671952;7.5797363
51.9671405;7.5796447
51.9549643;7.6327810
51.9817644;7.6369446
51.9610272;7.6759700
51.9166147;7.7278420
51.9698860;7.5933536
51.9571937;7.6764502
51.9515954;7.6768683
51.9604612;7.6278599
51.9575752;7.6372281
51.9620733;7.6430310
51.9627360;7.6456060
51.9575528;7.6444070
51.9334353;7.6313688
51.9232045;7.6954263
51.9439664;7.7039829
51.9935486;7.6481186
51.9936872;7.6487802
51.9937528;7.6487560
51.9938762;7.6487815
51.9937192;7.6477502
51.9924919;7.6382269
51.9925510;7.6376559
51.9674945;7.6118120
51.9453497;7.6369749
51.9457571;7.7005105
52.0077705;7.6262539
52.0079096;7.6263044
51.9828874;7.6120278
51.9556853;7.6390613
51.9570834;7.6372951
51.9567289;7.6371262
51.9571475;7.6371597
51.9608986;7.6760148
51.9619330;7.6273238
51.9653431;7.5739326
51.9657158;7.5737040
51.9878158;7.6980717
51.9871443;7.6983759
51.9872725;7.6984367
51.9880210;7.6987918
51.9877448;7.6990040
51.9874476;7.6988858
51.9539713;7.6165456
51.9572037;7.6320961
51.9598551;7.6233889
51.9597943;7.6232977
51.9612745;7.6273211
51.9345143;7.6085292
51.9678126;7.6526680
51.9569917;7.6370779
51.9583758;7.6388224
51.9583590;7.6388616
51.9584140;7.6431397
51.9581351;7.6388904
51.9581206;7.6389192
51.9580652;7.6390131
51.9583471;7.6374333
51.9829201;7.6147754
51.9586467;7.6274607
51.9592158;7.6275567
51.9872684;7.6988174
51.9873495;7.6972145
51.9597301;7.6358842
52.0305457;7.6185223
51.9552531;7.6199966
51.9516028;7.6144930
51.9211169;7.6492637
51.9586976;7.6219315
51.9616627;7.6159889
51.9644590;7.6302380
51.9580050;7.6349309
51.9517318;7.6188665
51.9511680;7.6182300
51.9511065;7.6182666
51.9534401;7.6290238
51.9827399;7.6341433
51.9835840;7.6341057
51.9513607;7.6491111
51.8845381;7.6052113
51.9032233;7.6252334
51.9582878;7.6385152
51.9613100;7.6311708
51.9595529;7.6410603
51.9651065;7.6207271
51.9522943;7.6256361
51.9426309;7.6239254
51.9619613;7.6372368
51.9556404;7.6208585
51.9593966;7.6068916
51.9591598;7.6351836
51.9646540;7.6470745
51.9429471;7.6302007
51.9586132;7.6350365
51.9660546;7.6205797
51.9649713;7.6218714
51.9653930;7.6213600
51.9653517;7.6219506
51.9775408;7.6104474
51.9529476;7.6247578
51.9649291;7.6318014
51.9038352;7.6368432
51.9039651;7.6371483
51.9060434;7.6352352
51.9061658;7.6351051
51.9062217;7.6350380
51.9043900;7.6363708
51.9047038;7.6361009
51.9580965;7.6303422
51.9558994;7.6438295
51.9585658;7.6399976
51.9548088;7.6196327
51.9989171;7.5942839
51.9606937;7.6245754
51.9607167;7.6252696
51.9558985;7.6448264
51.9723312;7.6059021
51.9382491;7.6471231
51.9272837;7.5607669
51.9604887;7.6263852
51.9601379;7.6266615
51.9600991;7.6267473
51.9600615;7.6273938
51.9602528;7.6270719
51.9600668;7.6268131
51.9600900;7.6265703
51.9605251;7.6264657
51.9606924;7.6246311
51.9559951;7.5423677
51.9618154;7.6319927
51.9617496;7.6320948
51.9616483;7.6319301
51.9531429;7.6259174
51.9544196;7.6263430
51.9937854;7.5674805
51.9532015;7.6262474
51.9939429;7.6482939
51.9934473;7.6474164
51.9266523;7.6711085
51.9576497;7.6397624
51.9724005;7.6226583
51.9618578;7.6400264
51.9618585;7.6398760
51.9618638;7.6397053
51.9618982;7.6394671
51.9618834;7.6392886
51.9742927;7.5953709
51.9062473;7.6331471
51.9929836;7.6380877
51.9798416;7.6346773
51.9795707;7.6359352
51.9652375;7.6222492
51.9752254;7.6549266
51.9760607;7.6562101
51.9761837;7.6564126
51.9756567;7.6573460
51.9762325;7.6564917
51.9672510;7.6553015
51.9586685;7.5699113
51.9586446;7.5698523
52.0001905;7.6348838
51.9990330;7.6350689
51.9955435;7.6352164
51.9530049;7.6258804
51.8949938;7.5971302
51.9575197;7.6319394
51.9263517;7.6285270
51.9613168;7.6323745
51.9578770;7.6293334
51.9999247;7.6341060
52.0000684;7.6340711
51.9986052;7.6350689
51.9976408;7.6344908
51.9970604;7.6345995
51.9971974;7.6345807
51.9968267;7.6346451
51.9971247;7.6354149
51.9986284;7.6343273
51.9969365;7.6354458
51.9986036;7.6343353
51.9959056;7.6350159
51.9954357;7.6352305
51.9954770;7.6352238
51.9649373;7.6322317
51.9179632;7.7282365
51.9596735;7.6032190
51.9610388;7.6284566
51.9659656;7.6216335
51.9662902;7.6222565
51.9659596;7.6227019
51.9658868;7.6225436
51.9610742;7.6280199
51.9039413;7.6440286
51.9419646;7.6253881
51.9700441;7.6769191
51.9523088;7.6257551
51.9549576;7.6190553
51.9596864;7.6033349
51.9550209;7.6479217
51.9615793;7.6389224
51.9042153;7.6463028
51.9044007;7.6496161
51.9046889;7.6502891
51.9047168;7.6478774
51.9044672;7.6495851
51.9047794;7.6485453
51.9045619;7.6489448
51.9046538;7.6499471
51.9661630;7.6539292
51.9625850;7.6309509
51.9618542;7.6316661
51.9606427;7.6327735
51.9581323;7.6348698
51.9591371;7.6336633
51.9581813;7.6348807
51.9020270;7.6251294
51.9636280;7.6319117
51.9821690;7.6363341
51.9579252;7.6398042
51.9702982;7.6225792
51.9306233;7.6474500
51.9647388;7.6312792
51.9649149;7.6316666
51.9643879;7.6301898
51.9648636;7.6313861
51.9898521;7.5673592
51.9390337;7.6400524
51.9261407;7.6013920
51.9530202;7.6449543
51.9523554;7.6438196
51.9531529;7.6446435
51.9609878;7.6302071
51.9955620;7.6651131
51.9956370;7.6647828
51.9648643;7.6320481
51.9581150;7.6303414
51.9958296;7.6190094
51.9558436;7.6449958
51.9398365;7.6481950
51.9637483;7.5914839
51.9633372;7.6284541
51.9968074;7.6668468
51.9739252;7.6526445
51.9831598;7.6340555
51.9695691;7.5971260
51.9941223;7.5672992
51.9585108;7.6271920
51.9148466;7.6311959
52.0418828;7.6117414
51.9485380;7.6239365
51.9537418;7.6199498
51.9536530;7.6491184
51.9509346;7.6415315
51.9309821;7.7227939
51.9339387;7.6232740
51.9533931;7.6255467
51.9534455;7.6255764
51.9578718;7.6287365
51.9633816;7.7021860
51.9730900;7.7266698
51.9557770;7.6442649
51.9130223;7.7229015
51.9129451;7.7228478
51.9618722;7.6412852
51.9635952;7.6464977
51.9640553;7.6484780
51.9651343;7.6511982
51.9649992;7.6517841
51.9457150;7.6228849
51.9510850;7.6698236
51.9508271;7.6706169
51.9509994;7.6700972
51.9836680;7.6341017
51.9829312;7.6340910
51.9632111;7.6488623
51.9593657;7.6343505
51.9284141;7.6681683
51.9278679;7.6686215
51.9545415;7.6196618
51.9466339;7.5313316
51.9171539;7.7280101
51.9571641;7.6322297
51.9173463;7.7282998
51.9174145;7.7283213
51.9252697;7.7246466
51.9627195;7.6449304
51.9550401;7.6507022
51.9630732;7.6455911
51.9629543;7.6453764
51.9630198;7.6454974
51.9479919;7.6221648
51.9684525;7.5759691
51.9627796;7.6450536
51.9572014;7.6331660
51.9656640;7.6523635
51.9579004;7.6381976
51.9663682;7.6535934
51.9507434;7.6436923
51.9724912;7.6566689
51.9641306;7.6487104
51.9575710;7.6381014
51.9507628;7.6436219
51.9533507;7.6260059
52.0038019;7.6153066
52.0036950;7.6152950
51.9617371;7.6308300
51.9493082;7.6340026
51.9826798;7.6120334
51.9826100;7.6120374
51.9656629;7.6277711
51.9505936;7.6379040
51.9477223;7.6404583
51.9245072;7.6586936
51.9322112;7.6069642
51.9610854;7.6208857
51.9245075;7.5201443
51.9578041;7.6289105
51.9545788;7.6201008
51.9785526;7.6052317
51.9553536;7.6065557
51.9544943;7.6259123
51.9546054;7.6259485
51.9560950;7.6308397
51.9563417;7.6428238
51.9462903;7.6300618
51.9667438;7.6298874
51.9662346;7.6295776
51.9707635;7.6314405
51.9708497;7.6318617
51.9710416;7.6319381
51.9953590;7.6023650
51.9952898;7.6022745
51.9960154;7.6031515
51.9959930;7.6027801
51.9960557;7.6030685
51.9953186;7.6023260
51.9539816;7.6156667
51.9541144;7.6155621
51.9618639;7.6340028
51.9618935;7.6332933
51.9628172;7.6457887
51.9603587;7.6347799
51.9615608;7.6392751
51.9622498;7.6446368
51.9653129;7.6524705
51.8902000;7.5801457
51.9757889;7.6020503
51.9528394;7.6448375
51.9750656;7.5943483
51.9271024;7.5603290
51.9752429;7.6259846
51.9444871;7.5279192
51.9582730;7.6383775
51.9473691;7.6357901
51.9431430;7.6108091
51.9663027;7.6469937
51.9975863;7.6634010
51.9582588;7.6349878
51.9582218;7.6348886
51.9641816;7.5608129
51.9507077;7.6433676
51.9651656;7.6259836
51.9694585;7.6151934
51.9658257;7.6297306
51.9614917;7.6328497
51.9614746;7.6326230
51.9621868;7.6341483
51.9602654;7.6249724
51.9640331;7.6256078
51.9654172;7.6330320
51.9215708;7.5386332
51.9561535;7.6287005
51.9594080;7.5762515
51.9730882;7.6943748
51.9873435;7.6272939
51.9041520;7.6428698
51.9040715;7.6423343
51.9066545;7.6497589
51.9360335;7.6354334
51.9624877;7.6292016
51.9296693;7.7204159
51.9455998;7.6302626
51.9540265;7.6257504
51.9409914;7.6100558
51.9266767;7.6358671
51.9548075;7.6316572
51.9503734;7.5489576
51.9513760;7.6489594
51.9514178;7.6496812
51.9243947;7.5579020
51.9697636;7.5932855
51.9511719;7.6424351
51.9571924;7.6321373
51.9651639;7.6215546
51.9714110;7.6154176
51.9486606;7.6479616
51.9486290;7.6477858
51.9486667;7.6478138
51.9533434;7.6439593
51.9616289;7.6293022
51.9332419;7.6498423
51.9518446;7.6250653
51.9512325;7.6252928
51.9478734;7.6241804
51.9519165;7.6255081
51.9513325;7.6249165
51.9523490;7.6252278
51.9515281;7.6254052
51.9523478;7.6256629
51.9472955;7.6235646
51.9910857;7.6669891
51.9276232;7.6629143
51.9210238;7.6009539
51.9106027;7.6861022
51.9099664;7.6863305
51.9652308;7.6331174
51.9650129;7.6325215
51.9650227;7.6321042
51.9651309;7.6328219
51.9645103;7.6312088
51.9650108;7.6325163
51.8899343;7.5950435
51.9831618;7.6343486
51.9367347;7.6354521
51.9749851;7.5980303
51.9750450;7.5979463
51.9916435;7.6533425
51.9614667;7.6194330
51.9406618;7.6462576
51.9297619;7.6493879
51.9324072;7.6546387
51.9446134;7.6436834
51.9670678;7.5816791
51.9242031;7.5576577
51.9467996;7.6915227
51.9264396;7.5813866
51.9523629;7.6435854
51.9521788;7.6406049
51.9588293;7.6370933
51.9718390;7.6403718
51.9898006;7.6648728
51.9532714;7.6438373
51.9506608;7.6434997
51.9939918;7.6091059
51.9238222;7.6715688
51.9665827;7.6300108
51.9541337;7.6326944
51.9593201;7.6261949
51.9505023;7.6444598
51.9966172;7.6018692
51.9042352;7.6465031
51.9042289;7.6464394
51.9962349;7.6029060
51.9988093;7.5945011
51.9613892;7.6273378
51.9790434;7.7110488
51.9614027;7.6273320
51.9613886;7.6273484
51.9613917;7.6273333
51.9613920;7.6273540
51.9613925;7.6273809
51.9764346;7.6179128
51.9781340;7.6057611
51.9457744;7.6364196
51.9504082;7.6343753
51.9481752;7.6221537
51.9480667;7.6221541
51.9472023;7.6266306
51.9779842;7.6117479
51.9262067;7.7184454
51.9671518;7.6425399
51.9698817;7.6312943
51.9548806;7.6493743
51.9248958;7.5610949
51.9591323;7.5759113
51.9571696;7.6414748
51.8831963;7.6063490
51.8776147;7.6090272
51.9319581;7.6505551
51.9699656;7.5541775
51.9457110;7.6228053
51.8735694;7.6111735
51.9582150;7.6301214
51.9965650;7.6678418
51.9594057;7.6267593
51.8735902;7.6111962
51.9481181;7.6233689
51.9558200;7.6340712
51.9572470;7.6412944
51.8837117;7.6055248
51.9932745;7.6376368
51.9582162;7.5702907
51.9771732;7.5980298
51.9549860;7.6514959
51.9646620;7.6150467
51.9987730;7.5599899
51.9254023;7.5838513
51.9240215;7.5777490
51.9296134;7.5984019
51.9446122;7.5275404
51.9579617;7.5710223
51.9964019;7.7115855
51.9671914;7.5981471
51.9219573;7.6320507
51.9229210;7.6314287
51.9278733;7.6290483
51.9571167;7.5686243
51.9137186;7.6353449
51.9307407;7.5990125
51.9444143;7.5273009
51.9656324;7.5993036
51.9384250;7.6477823
51.9397372;7.6480236
51.9367613;7.6456867
51.9372664;7.6485229
51.9265318;7.5579319
51.9763272;7.5742290
51.9630670;7.6157811
51.9660491;7.6038119
51.9919633;7.5689401
51.9745431;7.6057777
51.9548514;7.6272798
51.9551211;7.6308474
51.9550740;7.6268290
51.9547855;7.6304152
51.9802193;7.6107314
51.9734531;7.6228326
51.9866020;7.6210590
51.9613336;7.6304738
51.9608213;7.6199740
51.9665385;7.6239113
51.9606538;7.6285579
51.9625317;7.6316689
51.9852042;7.6109918
51.9473021;7.6117506
51.9559541;7.6189023
51.9594615;7.6136303
51.9615168;7.6266447
51.9681129;7.6016619
51.9671928;7.6012153
51.9814750;7.6335626
51.9766497;7.7104197
51.9776982;7.6002493
51.9613744;7.6227293
51.9612552;7.6222860
51.9634315;7.6359142
51.9645830;7.6359200
51.8991743;7.6538645
51.9236209;7.6545652
51.9211054;7.6492191
52.0224943;7.5712261
51.9612340;7.6193761
51.9610410;7.6198061
51.9434221;7.6440214
51.9634736;7.6476252
51.9385959;7.6410944
51.9401638;7.6439496
51.9396186;7.6299400
51.9366328;7.6506751
51.9503083;7.6313436
51.9495627;7.6073543
51.9569765;7.6405402
51.9626559;7.6225876
51.9610613;7.6153684
51.9447962;7.6478076
51.9342606;7.6571303
51.9614044;7.6210986
51.9606268;7.6203513
51.9600025;7.6206366
51.9758674;7.6116943
51.9761356;7.6110704
51.9855426;7.6142680
51.9590068;7.6060833
51.9570715;7.6037225
51.9674222;7.6124719
51.9654007;7.6142300
51.9524506;7.6208538
51.9557575;7.6314547
51.9521548;7.6326821
51.9416062;7.6243225
51.9547647;7.6259442
51.9453677;7.6157569
51.9291835;7.5923203
51.9257870;7.5801522
51.9254177;7.5816581
51.9266687;7.5844490
51.9274534;7.5881802
51.9287786;7.5555662
51.9898978;7.5683619
51.9998018;7.5588059
51.9750045;7.6246168
51.9438751;7.6241330
51.9556679;7.6281044
51.9461230;7.6231491
51.9474768;7.6245459
51.9310481;7.6254385
51.9301247;7.6280984
51.9271839;7.6209744
51.9282700;7.6352102
51.9779364;7.7080146
51.9506308;7.6245741
51.9390650;7.6286825
51.9491926;7.6488787
51.9540134;7.6303573
51.9538184;7.6307791
51.9602036;7.6269485
51.9534319;7.6229502
51.9374248;7.6040157
51.9402113;7.6185433
51.9543327;7.6308231
51.9602457;7.6594775
51.9600415;7.6595036
51.9346496;7.6530853
51.9506305;7.6450028
51.9564308;7.6292473
51.9056391;7.6590205
51.9312462;7.6479554
51.9289577;7.6447842
51.9285910;7.6494196
51.9297493;7.6431312
51.9279674;7.6489515
51.9346901;7.6456063
51.9339054;7.6551289
51.9346025;7.6565264
51.9302031;7.6531015
51.9370834;7.6416829
51.9534282;7.6364084
51.9246203;7.5720137
51.9246027;7.5736345
51.9243569;7.5700131
51.9258868;7.6332159
51.9624643;7.6370167
51.9845236;7.6368399
51.9855643;7.6366155
51.9357797;7.6074545
51.9892753;7.6644111
51.9890686;7.6653657
51.9764818;7.6611302
51.9654972;7.5988327
51.9889218;7.6671841
51.9894340;7.6664133
51.9942286;7.6656217
52.0026950;7.5443466
51.9172589;7.6309221
51.9173849;7.6313257
51.9677700;7.5769721
51.9539028;7.6446450
51.9863295;7.6460772
51.9608855;7.6157556
51.9352584;7.6597757
52.0004857;7.5530949
51.9329810;7.6482464
51.9180262;7.7285654
51.9142825;7.7227240
51.9168298;7.7306136
51.9146758;7.7231896
51.9144717;7.7239017
51.9166319;7.7284467
51.9166087;7.7282079
51.9177290;7.7308560
51.9133069;7.7252528
51.9290737;7.6921799
51.9225362;7.6583478
51.9240205;7.7259055
51.9231535;7.7269448
51.9248344;7.7250422
51.9200809;7.7267210
51.9263995;7.7079254
51.9294180;7.7164595
51.9277742;7.7197454
51.9160489;7.7313056
51.9204746;7.7290791
51.9340064;7.7269928
51.9146227;7.7238585
51.9134145;7.7269768
51.9653604;7.6326317
51.9584317;7.6280551
51.9998651;7.5584476
51.9999091;7.5584476
52.0002796;7.5578302
52.0000361;7.5579601
51.9612731;7.6334691
51.9598213;7.6234429
51.9058265;7.6517505
51.9441714;7.5341962
51.9331473;7.6852016
51.9772683;7.5964710
51.9612467;7.6181450
51.9607963;7.6182639
51.9290556;7.5934992
51.9210015;7.6045407
51.9749882;7.6260132
51.9666286;7.6316478
51.9711978;7.6136153
51.9308113;7.6266625
51.9195934;7.6320901
51.9604871;7.6208513
51.9603130;7.6212791
51.9997582;7.5532019
51.9390223;7.6513145
51.9943467;7.5477086
51.9968821;7.5560664
51.9604269;7.6187504
51.9554507;7.5688733
51.9603731;7.6408612
51.9700000;7.6249925
51.9242683;7.6565804
51.9231562;7.6584148
51.9152599;7.6485613
51.9544334;7.6438397
51.9292610;7.7222479
51.9749414;7.5673123
51.9939356;7.5692879
51.8893200;7.5794515
51.8903983;7.5784363
51.9645034;7.6307307
51.9444327;7.5297979
51.9534023;7.5349899
51.9535124;7.5336979
51.9535298;7.5341708
51.9522597;7.5424437
51.9258947;7.5427533
51.9316758;7.6018129
51.9313863;7.6022448
51.9826916;7.6371174
51.9259751;7.5183365
51.9630974;7.6183097
51.9610167;7.6331261
51.9613889;7.6291317
51.9257718;7.5619919
51.9644055;7.6149174
51.9679800;7.6137739
51.9221486;7.6792273
51.9911905;7.5673915
51.9928609;7.5703882
51.9404014;7.6351033
51.9587561;7.5714840
51.9578307;7.6351205
51.9239521;7.6589284
51.9230348;7.6577896
51.9861705;7.6345532
51.9229173;7.6575599
51.9228815;7.6572572
51.9455034;7.6344676
51.9036617;7.6419830
51.9041328;7.6384488
51.9263229;7.6529908
51.9245950;7.5781303
51.9613453;7.6407605
51.9209707;7.7281525
51.9293144;7.6822318
51.9695505;7.6356069
51.9323800;7.6818008
51.9143993;7.6823730
51.9142650;7.6817220
51.9162685;7.7306850
51.9614387;7.6413114
51.9292612;7.5936742
51.9340718;7.5996615
51.9352150;7.6555618
51.9354167;7.6552587
51.8854303;7.6087960
51.9400198;7.6505878
51.9348270;7.6484459
51.9561580;7.6039801
51.9923519;7.5720783
51.9354070;7.6389209
51.9388937;7.6498897
51.9319770;7.6454187
51.9314719;7.6493396
51.9327628;7.6027917
51.9731901;7.6517148
51.9504923;7.6078136
51.9595219;7.6119357
51.9315446;7.6134790
51.9335135;7.6074852
51.9437417;7.6445372
51.9278860;7.6090243
51.9430105;7.6762519
51.8929916;7.5825975
51.9494349;7.6398967
51.9503974;7.6384110
51.9509917;7.6422470
51.9431351;7.6275967
51.9254072;7.6433142
51.9958765;7.6640945
51.9932464;7.6644241
51.9048134;7.6380011
51.9906016;7.6617469
51.9939243;7.6651313
51.9968113;7.6668523
51.9976458;7.6637948
51.9976395;7.6644718
51.9041503;7.6476480
51.8845874;7.6019669
51.9550201;7.6271518
51.9827956;7.6470402
51.9171192;7.7057904
51.9179233;7.7088381
51.9192821;7.7029713
51.9236336;7.6941544
51.9194237;7.7002768
51.9141005;7.6841679
51.9524099;7.6328794
51.8887962;7.5824083
51.9511306;7.6827125
51.9500109;7.6660073
51.9052370;7.6405790
51.8987558;7.6404481
51.9599087;7.6265839
51.8906232;7.6115636
51.8897392;7.6090539
51.9594692;7.6229147
51.9413350;7.6475365
51.8936919;7.6237386
51.8920367;7.6259179
51.9003928;7.6547896
51.9211126;7.6763083
51.9624505;7.6279667
51.9621477;7.6294992
51.9620623;7.6301466
51.9531503;7.6246363
51.9754873;7.6113747
51.9940531;7.6495322
51.9546261;7.6281909
51.9519042;7.6339531
51.9248077;7.6339299
51.9692406;7.5952327
51.9830491;7.6358598
51.9252043;7.6526049
51.9226281;7.6599061
51.9355059;7.6600323
51.9368080;7.6520116
51.8777022;7.6088826
51.9332792;7.6554915
51.9236497;7.6950023
51.9363592;7.6543421
51.9357594;7.6533751
51.9593566;7.6227850
51.9319840;7.6507698
51.9516737;7.6367624
51.9575612;7.6349348
51.9565840;7.6348898
51.9565034;7.6349065
51.9565662;7.6350840
51.9562853;7.6346988
52.0219421;7.5800992
51.9351962;7.6536978
51.9355755;7.6543503
51.8920000;7.5956287
51.9678930;7.5994917
51.9271724;7.5997435
51.9614335;7.6367084
51.9576357;7.6350639
51.9569671;7.6347172
51.9573730;7.6351540
51.9570277;7.6350551
51.9567329;7.6349704
51.9564766;7.6345876
51.9820670;7.6177129
51.9474717;7.6081327
51.9873562;7.6177068
51.9307503;7.7192212
52.0383142;7.6202034
51.9507102;7.6134483
51.9578125;7.6652596
51.9455123;7.6493690
51.8963658;7.6521699
51.9257680;7.5826529
51.9254189;7.7247415
51.9263886;7.5814349
51.8908893;7.5802334
51.9630936;7.6010798
51.9322575;7.6006486
51.8912415;7.5917456
51.9466292;7.5888212
51.9848227;7.6058040
51.9564612;7.6053387
51.9918385;7.5666566
51.9588854;7.6263554
52.0106943;7.5267245
51.9933762;7.5680872
51.9357809;7.6468180
51.9014319;7.6542569
51.9764534;7.6421139
51.9832050;7.6343606
51.8962826;7.6522137
51.9248584;7.6723326
51.9690181;7.5995517
51.9653586;7.6149283
51.9561271;7.6281779
51.9676364;7.5898929
51.9380331;7.6530882
51.9810098;7.6373904
51.9850791;7.6353176
51.8777399;7.6498598
51.9356071;7.6568100
51.9059330;7.6512115
51.9403002;7.6458054
51.9636541;7.6009342
51.9628139;7.6009626
